CrimeDate,Total Incidents
2011-04-04,1.0
2011-05-05,1.0
2011-05-25,1.0
2011-06-05,2.0
2011-06-06,135.0
2011-06-07,140.0
2011-06-08,121.0
2011-06-09,134.0
2011-06-10,135.0
2011-06-11,144.0
2011-06-12,158.0
2011-06-13,127.0
2011-06-14,125.0
2011-06-15,129.0
2011-06-16,180.0
2011-06-17,145.0
2011-06-18,148.0
2011-06-19,156.0
2011-06-20,166.0
2011-06-21,148.0
2011-06-22,157.0
2011-06-23,150.0
2011-06-24,152.0
2011-06-25,141.0
2011-06-26,146.0
2011-06-27,168.0
2011-06-28,165.0
2011-06-29,152.0
2011-06-30,170.0
2011-07-01,175.0
2011-07-02,142.0
2011-07-03,130.0
2011-07-04,161.0
2011-07-05,127.0
2011-07-06,157.0
2011-07-07,114.0
2011-07-08,160.0
2011-07-09,143.0
2011-07-10,163.0
2011-07-11,158.0
2011-07-12,121.0
2011-07-13,161.0
2011-07-14,161.0
2011-07-15,160.0
2011-07-16,140.0
2011-07-17,160.0
2011-07-18,149.0
2011-07-19,159.0
2011-07-20,125.0
2011-07-21,138.0
2011-07-22,154.0
2011-07-23,151.0
2011-07-24,157.0
2011-07-25,156.0
2011-07-26,155.0
2011-07-27,137.0
2011-07-28,114.0
2011-07-29,186.0
2011-07-30,193.0
2011-07-31,162.0
2011-08-01,158.0
2011-08-02,113.0
2011-08-03,142.0
2011-08-04,154.0
2011-08-05,180.0
2011-08-06,167.0
2011-08-07,148.0
2011-08-08,130.0
2011-08-09,143.0
2011-08-10,157.0
2011-08-11,135.0
2011-08-12,150.0
2011-08-13,160.0
2011-08-14,131.0
2011-08-15,184.0
2011-08-16,151.0
2011-08-17,140.0
2011-08-18,149.0
2011-08-19,163.0
2011-08-20,144.0
2011-08-21,133.0
2011-08-22,145.0
2011-08-23,172.0
2011-08-24,148.0
2011-08-25,155.0
2011-08-26,160.0
2011-08-27,130.0
2011-08-28,120.0
2011-08-29,149.0
2011-08-30,142.0
2011-08-31,121.0
2011-09-01,130.0
2011-09-02,151.0
2011-09-03,134.0
2011-09-04,143.0
2011-09-05,135.0
2011-09-06,115.0
2011-09-07,129.0
2011-09-08,122.0
2011-09-09,130.0
2011-09-10,180.0
2011-09-11,145.0
2011-09-12,128.0
2011-09-13,144.0
2011-09-14,152.0
2011-09-15,132.0
2011-09-16,174.0
2011-09-17,144.0
2011-09-18,148.0
2011-09-19,153.0
2011-09-20,148.0
2011-09-21,146.0
2011-09-22,155.0
2011-09-23,152.0
2011-09-24,159.0
2011-09-25,143.0
2011-09-26,174.0
2011-09-27,156.0
2011-09-28,160.0
2011-09-29,123.0
2011-09-30,172.0
2011-10-01,153.0
2011-10-02,112.0
2011-10-03,153.0
2011-10-04,141.0
2011-10-05,149.0
2011-10-06,135.0
2011-10-07,163.0
2011-10-08,179.0
2011-10-09,138.0
2011-10-10,176.0
2011-10-11,149.0
2011-10-12,129.0
2011-10-13,166.0
2011-10-14,199.0
2011-10-15,162.0
2011-10-16,138.0
2011-10-17,177.0
2011-10-18,131.0
2011-10-19,140.0
2011-10-20,118.0
2011-10-21,183.0
2011-10-22,154.0
2011-10-23,132.0
2011-10-24,162.0
2011-10-25,157.0
2011-10-26,133.0
2011-10-27,136.0
2011-10-28,138.0
2011-10-29,144.0
2011-10-30,132.0
2011-10-31,165.0
2011-11-01,146.0
2011-11-02,169.0
2011-11-03,144.0
2011-11-04,160.0
2011-11-05,164.0
2011-11-06,147.0
2011-11-07,170.0
2011-11-08,149.0
2011-11-09,163.0
2011-11-10,160.0
2011-11-11,146.0
2011-11-12,148.0
2011-11-13,146.0
2011-11-14,162.0
2011-11-15,163.0
2011-11-16,125.0
2011-11-17,133.0
2011-11-18,134.0
2011-11-19,143.0
2011-11-20,137.0
2011-11-21,143.0
2011-11-22,135.0
2011-11-23,161.0
2011-11-24,123.0
2011-11-25,141.0
2011-11-26,144.0
2011-11-27,113.0
2011-11-28,162.0
2011-11-29,138.0
2011-11-30,142.0
2011-12-01,148.0
2011-12-02,155.0
2011-12-03,135.0
2011-12-04,114.0
2011-12-05,137.0
2011-12-06,131.0
2011-12-07,126.0
2011-12-08,105.0
2011-12-09,133.0
2011-12-10,122.0
2011-12-11,135.0
2011-12-12,125.0
2011-12-13,153.0
2011-12-14,147.0
2011-12-15,168.0
2011-12-16,155.0
2011-12-17,120.0
2011-12-18,104.0
2011-12-19,154.0
2011-12-20,128.0
2011-12-21,135.0
2011-12-22,162.0
2011-12-23,143.0
2011-12-24,140.0
2011-12-25,92.0
2011-12-26,114.0
2011-12-27,102.0
2011-12-28,109.0
2011-12-29,133.0
2011-12-30,130.0
2011-12-31,112.0
2012-01-01,176.0
2012-01-02,105.0
2012-01-03,99.0
2012-01-04,121.0
2012-01-05,131.0
2012-01-06,126.0
2012-01-07,122.0
2012-01-08,109.0
2012-01-09,107.0
2012-01-10,132.0
2012-01-11,113.0
2012-01-12,112.0
2012-01-13,124.0
2012-01-14,119.0
2012-01-15,99.0
2012-01-16,95.0
2012-01-17,137.0
2012-01-18,146.0
2012-01-19,128.0
2012-01-20,134.0
2012-01-21,104.0
2012-01-22,112.0
2012-01-23,155.0
2012-01-24,129.0
2012-01-25,130.0
2012-01-26,111.0
2012-01-27,128.0
2012-01-28,153.0
2012-01-29,133.0
2012-01-30,120.0
2012-01-31,128.0
2012-02-01,149.0
2012-02-02,116.0
2012-02-03,129.0
2012-02-04,101.0
2012-02-05,112.0
2012-02-06,133.0
2012-02-07,102.0
2012-02-08,110.0
2012-02-09,94.0
2012-02-10,110.0
2012-02-11,114.0
2012-02-12,105.0
2012-02-13,113.0
2012-02-14,99.0
2012-02-15,126.0
2012-02-16,104.0
2012-02-17,147.0
2012-02-18,127.0
2012-02-19,107.0
2012-02-20,121.0
2012-02-21,118.0
2012-02-22,122.0
2012-02-23,119.0
2012-02-24,121.0
2012-02-25,107.0
2012-02-26,78.0
2012-02-27,152.0
2012-02-28,101.0
2012-02-29,121.0
2012-03-01,126.0
2012-03-02,140.0
2012-03-03,108.0
2012-03-04,120.0
2012-03-05,130.0
2012-03-06,101.0
2012-03-07,134.0
2012-03-08,133.0
2012-03-09,135.0
2012-03-10,123.0
2012-03-11,118.0
2012-03-12,122.0
2012-03-13,141.0
2012-03-14,126.0
2012-03-15,149.0
2012-03-16,168.0
2012-03-17,163.0
2012-03-18,143.0
2012-03-19,155.0
2012-03-20,178.0
2012-03-21,148.0
2012-03-22,136.0
2012-03-23,152.0
2012-03-24,140.0
2012-03-25,135.0
2012-03-26,166.0
2012-03-27,154.0
2012-03-28,137.0
2012-03-29,147.0
2012-03-30,135.0
2012-03-31,139.0
2012-04-01,118.0
2012-04-02,120.0
2012-04-03,124.0
2012-04-04,119.0
2012-04-05,138.0
2012-04-06,127.0
2012-04-07,113.0
2012-04-08,105.0
2012-04-09,159.0
2012-04-10,124.0
2012-04-11,116.0
2012-04-12,110.0
2012-04-13,138.0
2012-04-14,145.0
2012-04-15,131.0
2012-04-16,125.0
2012-04-17,164.0
2012-04-18,168.0
2012-04-19,160.0
2012-04-20,166.0
2012-04-21,113.0
2012-04-22,117.0
2012-04-23,125.0
2012-04-24,126.0
2012-04-25,150.0
2012-04-26,123.0
2012-04-27,158.0
2012-04-28,138.0
2012-04-29,126.0
2012-04-30,133.0
2012-05-01,181.0
2012-05-02,138.0
2012-05-03,136.0
2012-05-04,126.0
2012-05-05,149.0
2012-05-06,153.0
2012-05-07,159.0
2012-05-08,150.0
2012-05-09,125.0
2012-05-10,126.0
2012-05-11,139.0
2012-05-12,149.0
2012-05-13,158.0
2012-05-14,145.0
2012-05-15,170.0
2012-05-16,138.0
2012-05-17,159.0
2012-05-18,152.0
2012-05-19,160.0
2012-05-20,154.0
2012-05-21,132.0
2012-05-22,151.0
2012-05-23,163.0
2012-05-24,164.0
2012-05-25,163.0
2012-05-26,154.0
2012-05-27,141.0
2012-05-28,150.0
2012-05-29,147.0
2012-05-30,142.0
2012-05-31,174.0
2012-06-01,156.0
2012-06-02,135.0
2012-06-03,123.0
2012-06-04,132.0
2012-06-05,130.0
2012-06-06,136.0
2012-06-07,139.0
2012-06-08,155.0
2012-06-09,131.0
2012-06-10,136.0
2012-06-11,163.0
2012-06-12,119.0
2012-06-13,152.0
2012-06-14,143.0
2012-06-15,144.0
2012-06-16,156.0
2012-06-17,120.0
2012-06-18,141.0
2012-06-19,125.0
2012-06-20,152.0
2012-06-21,167.0
2012-06-22,172.0
2012-06-23,135.0
2012-06-24,148.0
2012-06-25,136.0
2012-06-26,158.0
2012-06-27,162.0
2012-06-28,152.0
2012-06-29,141.0
2012-06-30,137.0
2012-07-01,156.0
2012-07-02,124.0
2012-07-03,163.0
2012-07-04,145.0
2012-07-05,123.0
2012-07-06,136.0
2012-07-07,144.0
2012-07-08,141.0
2012-07-09,113.0
2012-07-10,153.0
2012-07-11,133.0
2012-07-12,132.0
2012-07-13,160.0
2012-07-14,155.0
2012-07-15,130.0
2012-07-16,130.0
2012-07-17,132.0
2012-07-18,136.0
2012-07-19,127.0
2012-07-20,161.0
2012-07-21,145.0
2012-07-22,139.0
2012-07-23,157.0
2012-07-24,129.0
2012-07-25,124.0
2012-07-26,142.0
2012-07-27,153.0
2012-07-28,172.0
2012-07-29,147.0
2012-07-30,144.0
2012-07-31,166.0
2012-08-01,171.0
2012-08-02,149.0
2012-08-03,151.0
2012-08-04,134.0
2012-08-05,182.0
2012-08-06,152.0
2012-08-07,138.0
2012-08-08,155.0
2012-08-09,149.0
2012-08-10,153.0
2012-08-11,151.0
2012-08-12,164.0
2012-08-13,133.0
2012-08-14,129.0
2012-08-15,150.0
2012-08-16,181.0
2012-08-17,158.0
2012-08-18,139.0
2012-08-19,132.0
2012-08-20,140.0
2012-08-21,130.0
2012-08-22,115.0
2012-08-23,144.0
2012-08-24,138.0
2012-08-25,164.0
2012-08-26,104.0
2012-08-27,134.0
2012-08-28,122.0
2012-08-29,152.0
2012-08-30,139.0
2012-08-31,161.0
2012-09-01,168.0
2012-09-02,134.0
2012-09-03,133.0
2012-09-04,152.0
2012-09-05,133.0
2012-09-06,129.0
2012-09-07,119.0
2012-09-08,143.0
2012-09-09,121.0
2012-09-10,124.0
2012-09-11,117.0
2012-09-12,123.0
2012-09-13,128.0
2012-09-14,166.0
2012-09-15,151.0
2012-09-16,115.0
2012-09-17,122.0
2012-09-18,148.0
2012-09-19,150.0
2012-09-20,126.0
2012-09-21,150.0
2012-09-22,167.0
2012-09-23,130.0
2012-09-24,136.0
2012-09-25,164.0
2012-09-26,138.0
2012-09-27,146.0
2012-09-28,181.0
2012-09-29,157.0
2012-09-30,136.0
2012-10-01,143.0
2012-10-02,145.0
2012-10-03,157.0
2012-10-04,134.0
2012-10-05,132.0
2012-10-06,122.0
2012-10-07,135.0
2012-10-08,135.0
2012-10-09,159.0
2012-10-10,159.0
2012-10-11,123.0
2012-10-12,153.0
2012-10-13,114.0
2012-10-14,147.0
2012-10-15,149.0
2012-10-16,134.0
2012-10-17,120.0
2012-10-18,154.0
2012-10-19,135.0
2012-10-20,144.0
2012-10-21,117.0
2012-10-22,128.0
2012-10-23,123.0
2012-10-24,159.0
2012-10-25,136.0
2012-10-26,175.0
2012-10-27,144.0
2012-10-28,135.0
2012-10-29,80.0
2012-10-30,76.0
2012-10-31,157.0
2012-11-01,152.0
2012-11-02,127.0
2012-11-03,123.0
2012-11-04,171.0
2012-11-05,115.0
2012-11-06,112.0
2012-11-07,104.0
2012-11-08,126.0
2012-11-09,166.0
2012-11-10,159.0
2012-11-11,141.0
2012-11-12,146.0
2012-11-13,114.0
2012-11-14,110.0
2012-11-15,109.0
2012-11-16,131.0
2012-11-17,137.0
2012-11-18,112.0
2012-11-19,129.0
2012-11-20,141.0
2012-11-21,148.0
2012-11-22,78.0
2012-11-23,122.0
2012-11-24,106.0
2012-11-25,128.0
2012-11-26,146.0
2012-11-27,125.0
2012-11-28,131.0
2012-11-29,140.0
2012-11-30,154.0
2012-12-01,166.0
2012-12-02,106.0
2012-12-03,146.0
2012-12-04,142.0
2012-12-05,132.0
2012-12-06,120.0
2012-12-07,142.0
2012-12-08,124.0
2012-12-09,120.0
2012-12-10,140.0
2012-12-11,126.0
2012-12-12,145.0
2012-12-13,120.0
2012-12-14,152.0
2012-12-15,152.0
2012-12-16,97.0
2012-12-17,119.0
2012-12-18,114.0
2012-12-19,127.0
2012-12-20,145.0
2012-12-21,136.0
2012-12-22,109.0
2012-12-23,105.0
2012-12-24,107.0
2012-12-25,87.0
2012-12-26,96.0
2012-12-27,106.0
2012-12-28,140.0
2012-12-29,118.0
2012-12-30,116.0
2012-12-31,125.0
2013-01-01,157.0
2013-01-02,107.0
2013-01-03,112.0
2013-01-04,152.0
2013-01-05,121.0
2013-01-06,113.0
2013-01-07,124.0
2013-01-08,121.0
2013-01-09,123.0
2013-01-10,138.0
2013-01-11,150.0
2013-01-12,118.0
2013-01-13,133.0
2013-01-14,129.0
2013-01-15,143.0
2013-01-16,121.0
2013-01-17,123.0
2013-01-18,131.0
2013-01-19,105.0
2013-01-20,129.0
2013-01-21,114.0
2013-01-22,105.0
2013-01-23,108.0
2013-01-24,96.0
2013-01-25,116.0
2013-01-26,113.0
2013-01-27,135.0
2013-01-28,141.0
2013-01-29,97.0
2013-01-30,119.0
2013-01-31,115.0
2013-02-01,140.0
2013-02-02,88.0
2013-02-03,99.0
2013-02-04,118.0
2013-02-05,146.0
2013-02-06,110.0
2013-02-07,115.0
2013-02-08,124.0
2013-02-09,103.0
2013-02-10,82.0
2013-02-11,118.0
2013-02-12,130.0
2013-02-13,122.0
2013-02-14,137.0
2013-02-15,113.0
2013-02-16,102.0
2013-02-17,98.0
2013-02-18,100.0
2013-02-19,107.0
2013-02-20,123.0
2013-02-21,108.0
2013-02-22,116.0
2013-02-23,129.0
2013-02-24,110.0
2013-02-25,111.0
2013-02-26,120.0
2013-02-27,111.0
2013-02-28,120.0
2013-03-01,131.0
2013-03-02,101.0
2013-03-03,111.0
2013-03-04,104.0
2013-03-05,124.0
2013-03-06,94.0
2013-03-07,112.0
2013-03-08,143.0
2013-03-09,122.0
2013-03-10,110.0
2013-03-11,129.0
2013-03-12,106.0
2013-03-13,127.0
2013-03-14,154.0
2013-03-15,133.0
2013-03-16,130.0
2013-03-17,90.0
2013-03-18,110.0
2013-03-19,125.0
2013-03-20,126.0
2013-03-21,133.0
2013-03-22,135.0
2013-03-23,111.0
2013-03-24,108.0
2013-03-25,99.0
2013-03-26,101.0
2013-03-27,130.0
2013-03-28,127.0
2013-03-29,97.0
2013-03-30,120.0
2013-03-31,92.0
2013-04-01,147.0
2013-04-02,115.0
2013-04-03,107.0
2013-04-04,113.0
2013-04-05,151.0
2013-04-06,113.0
2013-04-07,103.0
2013-04-08,144.0
2013-04-09,131.0
2013-04-10,148.0
2013-04-11,125.0
2013-04-12,149.0
2013-04-13,131.0
2013-04-14,144.0
2013-04-15,138.0
2013-04-16,145.0
2013-04-17,126.0
2013-04-18,137.0
2013-04-19,151.0
2013-04-20,134.0
2013-04-21,108.0
2013-04-22,135.0
2013-04-23,131.0
2013-04-24,132.0
2013-04-25,156.0
2013-04-26,141.0
2013-04-27,131.0
2013-04-28,135.0
2013-04-29,138.0
2013-04-30,128.0
2013-05-01,169.0
2013-05-02,120.0
2013-05-03,142.0
2013-05-04,96.0
2013-05-05,115.0
2013-05-06,156.0
2013-05-07,111.0
2013-05-08,169.0
2013-05-09,158.0
2013-05-10,153.0
2013-05-11,118.0
2013-05-12,121.0
2013-05-13,145.0
2013-05-14,120.0
2013-05-15,141.0
2013-05-16,167.0
2013-05-17,161.0
2013-05-18,167.0
2013-05-19,126.0
2013-05-20,145.0
2013-05-21,152.0
2013-05-22,164.0
2013-05-23,154.0
2013-05-24,157.0
2013-05-25,147.0
2013-05-26,141.0
2013-05-27,135.0
2013-05-28,167.0
2013-05-29,148.0
2013-05-30,126.0
2013-05-31,158.0
2013-06-01,144.0
2013-06-02,146.0
2013-06-03,156.0
2013-06-04,150.0
2013-06-05,136.0
2013-06-06,161.0
2013-06-07,127.0
2013-06-08,158.0
2013-06-09,127.0
2013-06-10,130.0
2013-06-11,155.0
2013-06-12,145.0
2013-06-13,126.0
2013-06-14,151.0
2013-06-15,170.0
2013-06-16,137.0
2013-06-17,157.0
2013-06-18,134.0
2013-06-19,144.0
2013-06-20,137.0
2013-06-21,159.0
2013-06-22,192.0
2013-06-23,133.0
2013-06-24,162.0
2013-06-25,159.0
2013-06-26,151.0
2013-06-27,167.0
2013-06-28,141.0
2013-06-29,123.0
2013-06-30,137.0
2013-07-01,142.0
2013-07-02,110.0
2013-07-03,127.0
2013-07-04,134.0
2013-07-05,132.0
2013-07-06,137.0
2013-07-07,140.0
2013-07-08,137.0
2013-07-09,130.0
2013-07-10,166.0
2013-07-11,148.0
2013-07-12,128.0
2013-07-13,145.0
2013-07-14,113.0
2013-07-15,154.0
2013-07-16,135.0
2013-07-17,133.0
2013-07-18,147.0
2013-07-19,162.0
2013-07-20,176.0
2013-07-21,166.0
2013-07-22,167.0
2013-07-23,181.0
2013-07-24,166.0
2013-07-25,150.0
2013-07-26,150.0
2013-07-27,127.0
2013-07-28,134.0
2013-07-29,145.0
2013-07-30,162.0
2013-07-31,133.0
2013-08-01,170.0
2013-08-02,157.0
2013-08-03,143.0
2013-08-04,159.0
2013-08-05,150.0
2013-08-06,143.0
2013-08-07,147.0
2013-08-08,153.0
2013-08-09,120.0
2013-08-10,143.0
2013-08-11,136.0
2013-08-12,145.0
2013-08-13,149.0
2013-08-14,185.0
2013-08-15,136.0
2013-08-16,160.0
2013-08-17,162.0
2013-08-18,145.0
2013-08-19,152.0
2013-08-20,154.0
2013-08-21,167.0
2013-08-22,132.0
2013-08-23,169.0
2013-08-24,152.0
2013-08-25,126.0
2013-08-26,144.0
2013-08-27,135.0
2013-08-28,161.0
2013-08-29,135.0
2013-08-30,141.0
2013-08-31,150.0
2013-09-01,144.0
2013-09-02,160.0
2013-09-03,122.0
2013-09-04,149.0
2013-09-05,148.0
2013-09-06,167.0
2013-09-07,136.0
2013-09-08,139.0
2013-09-09,141.0
2013-09-10,124.0
2013-09-11,126.0
2013-09-12,140.0
2013-09-13,147.0
2013-09-14,136.0
2013-09-15,146.0
2013-09-16,135.0
2013-09-17,155.0
2013-09-18,117.0
2013-09-19,121.0
2013-09-20,152.0
2013-09-21,130.0
2013-09-22,128.0
2013-09-23,147.0
2013-09-24,136.0
2013-09-25,172.0
2013-09-26,149.0
2013-09-27,143.0
2013-09-28,139.0
2013-09-29,138.0
2013-09-30,135.0
2013-10-01,158.0
2013-10-02,135.0
2013-10-03,147.0
2013-10-04,151.0
2013-10-05,141.0
2013-10-06,148.0
2013-10-07,144.0
2013-10-08,129.0
2013-10-09,135.0
2013-10-10,127.0
2013-10-11,148.0
2013-10-12,125.0
2013-10-13,140.0
2013-10-14,158.0
2013-10-15,153.0
2013-10-16,180.0
2013-10-17,171.0
2013-10-18,160.0
2013-10-19,154.0
2013-10-20,132.0
2013-10-21,161.0
2013-10-22,171.0
2013-10-23,152.0
2013-10-24,144.0
2013-10-25,176.0
2013-10-26,145.0
2013-10-27,113.0
2013-10-28,154.0
2013-10-29,161.0
2013-10-30,125.0
2013-10-31,168.0
2013-11-01,170.0
2013-11-02,135.0
2013-11-03,101.0
2013-11-04,127.0
2013-11-05,137.0
2013-11-06,151.0
2013-11-07,150.0
2013-11-08,156.0
2013-11-09,147.0
2013-11-10,156.0
2013-11-11,124.0
2013-11-12,147.0
2013-11-13,154.0
2013-11-14,131.0
2013-11-15,152.0
2013-11-16,114.0
2013-11-17,119.0
2013-11-18,133.0
2013-11-19,143.0
2013-11-20,113.0
2013-11-21,146.0
2013-11-22,139.0
2013-11-23,123.0
2013-11-24,89.0
2013-11-25,139.0
2013-11-26,117.0
2013-11-27,120.0
2013-11-28,100.0
2013-11-29,112.0
2013-11-30,117.0
2013-12-01,165.0
2013-12-02,122.0
2013-12-03,154.0
2013-12-04,135.0
2013-12-05,155.0
2013-12-06,143.0
2013-12-07,119.0
2013-12-08,87.0
2013-12-09,111.0
2013-12-10,89.0
2013-12-11,126.0
2013-12-12,127.0
2013-12-13,133.0
2013-12-14,120.0
2013-12-15,125.0
2013-12-16,142.0
2013-12-17,140.0
2013-12-18,127.0
2013-12-19,143.0
2013-12-20,192.0
2013-12-21,173.0
2013-12-22,156.0
2013-12-23,150.0
2013-12-24,114.0
2013-12-25,151.0
2013-12-26,105.0
2013-12-27,115.0
2013-12-28,143.0
2013-12-29,148.0
2013-12-30,121.0
2013-12-31,128.0
2014-01-01,139.0
2014-01-02,115.0
2014-01-03,71.0
2014-01-04,120.0
2014-01-05,103.0
2014-01-06,118.0
2014-01-07,84.0
2014-01-08,122.0
2014-01-09,134.0
2014-01-10,143.0
2014-01-11,110.0
2014-01-12,104.0
2014-01-13,129.0
2014-01-14,140.0
2014-01-15,139.0
2014-01-16,138.0
2014-01-17,138.0
2014-01-18,103.0
2014-01-19,107.0
2014-01-20,134.0
2014-01-21,81.0
2014-01-22,111.0
2014-01-23,112.0
2014-01-24,120.0
2014-01-25,116.0
2014-01-26,108.0
2014-01-27,132.0
2014-01-28,98.0
2014-01-29,106.0
2014-01-30,143.0
2014-01-31,135.0
2014-02-01,125.0
2014-02-02,114.0
2014-02-03,110.0
2014-02-04,115.0
2014-02-05,107.0
2014-02-06,96.0
2014-02-07,126.0
2014-02-08,113.0
2014-02-09,79.0
2014-02-10,107.0
2014-02-11,105.0
2014-02-12,102.0
2014-02-13,46.0
2014-02-14,79.0
2014-02-15,106.0
2014-02-16,81.0
2014-02-17,90.0
2014-02-18,92.0
2014-02-19,97.0
2014-02-20,113.0
2014-02-21,140.0
2014-02-22,110.0
2014-02-23,84.0
2014-02-24,106.0
2014-02-25,120.0
2014-02-26,104.0
2014-02-27,102.0
2014-02-28,122.0
2014-03-01,123.0
2014-03-02,86.0
2014-03-03,59.0
2014-03-04,97.0
2014-03-05,104.0
2014-03-06,108.0
2014-03-07,109.0
2014-03-08,106.0
2014-03-09,94.0
2014-03-10,132.0
2014-03-11,113.0
2014-03-12,96.0
2014-03-13,107.0
2014-03-14,157.0
2014-03-15,154.0
2014-03-16,92.0
2014-03-17,84.0
2014-03-18,114.0
2014-03-19,99.0
2014-03-20,99.0
2014-03-21,111.0
2014-03-22,120.0
2014-03-23,106.0
2014-03-24,136.0
2014-03-25,124.0
2014-03-26,101.0
2014-03-27,149.0
2014-03-28,125.0
2014-03-29,98.0
2014-03-30,92.0
2014-03-31,147.0
2014-04-01,128.0
2014-04-02,119.0
2014-04-03,121.0
2014-04-04,139.0
2014-04-05,122.0
2014-04-06,98.0
2014-04-07,115.0
2014-04-08,126.0
2014-04-09,130.0
2014-04-10,114.0
2014-04-11,112.0
2014-04-12,123.0
2014-04-13,138.0
2014-04-14,143.0
2014-04-15,114.0
2014-04-16,117.0
2014-04-17,128.0
2014-04-18,119.0
2014-04-19,120.0
2014-04-20,117.0
2014-04-21,116.0
2014-04-22,127.0
2014-04-23,139.0
2014-04-24,125.0
2014-04-25,145.0
2014-04-26,135.0
2014-04-27,148.0
2014-04-28,148.0
2014-04-29,117.0
2014-04-30,113.0
2014-05-01,135.0
2014-05-02,128.0
2014-05-03,112.0
2014-05-04,123.0
2014-05-05,133.0
2014-05-06,139.0
2014-05-07,138.0
2014-05-08,137.0
2014-05-09,152.0
2014-05-10,114.0
2014-05-11,124.0
2014-05-12,132.0
2014-05-13,130.0
2014-05-14,142.0
2014-05-15,153.0
2014-05-16,147.0
2014-05-17,160.0
2014-05-18,120.0
2014-05-19,131.0
2014-05-20,148.0
2014-05-21,139.0
2014-05-22,162.0
2014-05-23,147.0
2014-05-24,122.0
2014-05-25,127.0
2014-05-26,118.0
2014-05-27,149.0
2014-05-28,131.0
2014-05-29,117.0
2014-05-30,129.0
2014-05-31,127.0
2014-06-01,116.0
2014-06-02,148.0
2014-06-03,125.0
2014-06-04,142.0
2014-06-05,128.0
2014-06-06,136.0
2014-06-07,125.0
2014-06-08,138.0
2014-06-09,148.0
2014-06-10,113.0
2014-06-11,126.0
2014-06-12,128.0
2014-06-13,118.0
2014-06-14,141.0
2014-06-15,148.0
2014-06-16,149.0
2014-06-17,122.0
2014-06-18,128.0
2014-06-19,138.0
2014-06-20,154.0
2014-06-21,134.0
2014-06-22,109.0
2014-06-23,139.0
2014-06-24,163.0
2014-06-25,128.0
2014-06-26,127.0
2014-06-27,145.0
2014-06-28,162.0
2014-06-29,121.0
2014-06-30,117.0
2014-07-01,155.0
2014-07-02,119.0
2014-07-03,121.0
2014-07-04,114.0
2014-07-05,128.0
2014-07-06,141.0
2014-07-07,138.0
2014-07-08,122.0
2014-07-09,144.0
2014-07-10,138.0
2014-07-11,141.0
2014-07-12,129.0
2014-07-13,133.0
2014-07-14,137.0
2014-07-15,134.0
2014-07-16,139.0
2014-07-17,132.0
2014-07-18,135.0
2014-07-19,132.0
2014-07-20,155.0
2014-07-21,149.0
2014-07-22,129.0
2014-07-23,131.0
2014-07-24,146.0
2014-07-25,152.0
2014-07-26,141.0
2014-07-27,151.0
2014-07-28,103.0
2014-07-29,140.0
2014-07-30,138.0
2014-07-31,129.0
2014-08-01,176.0
2014-08-02,113.0
2014-08-03,132.0
2014-08-04,130.0
2014-08-05,115.0
2014-08-06,140.0
2014-08-07,140.0
2014-08-08,148.0
2014-08-09,108.0
2014-08-10,160.0
2014-08-11,172.0
2014-08-12,88.0
2014-08-13,126.0
2014-08-14,144.0
2014-08-15,159.0
2014-08-16,113.0
2014-08-17,119.0
2014-08-18,141.0
2014-08-19,146.0
2014-08-20,140.0
2014-08-21,111.0
2014-08-22,124.0
2014-08-23,132.0
2014-08-24,102.0
2014-08-25,156.0
2014-08-26,134.0
2014-08-27,133.0
2014-08-28,116.0
2014-08-29,149.0
2014-08-30,119.0
2014-08-31,140.0
2014-09-01,170.0
2014-09-02,150.0
2014-09-03,116.0
2014-09-04,139.0
2014-09-05,146.0
2014-09-06,146.0
2014-09-07,130.0
2014-09-08,124.0
2014-09-09,119.0
2014-09-10,139.0
2014-09-11,129.0
2014-09-12,148.0
2014-09-13,105.0
2014-09-14,116.0
2014-09-15,120.0
2014-09-16,124.0
2014-09-17,131.0
2014-09-18,165.0
2014-09-19,121.0
2014-09-20,134.0
2014-09-21,146.0
2014-09-22,154.0
2014-09-23,151.0
2014-09-24,119.0
2014-09-25,124.0
2014-09-26,140.0
2014-09-27,141.0
2014-09-28,130.0
2014-09-29,163.0
2014-09-30,131.0
2014-10-01,125.0
2014-10-02,120.0
2014-10-03,151.0
2014-10-04,143.0
2014-10-05,120.0
2014-10-06,107.0
2014-10-07,142.0
2014-10-08,116.0
2014-10-09,131.0
2014-10-10,143.0
2014-10-11,115.0
2014-10-12,146.0
2014-10-13,139.0
2014-10-14,143.0
2014-10-15,128.0
2014-10-16,140.0
2014-10-17,141.0
2014-10-18,138.0
2014-10-19,111.0
2014-10-20,141.0
2014-10-21,127.0
2014-10-22,160.0
2014-10-23,138.0
2014-10-24,150.0
2014-10-25,140.0
2014-10-26,133.0
2014-10-27,133.0
2014-10-28,141.0
2014-10-29,148.0
2014-10-30,147.0
2014-10-31,154.0
2014-11-01,128.0
2014-11-02,120.0
2014-11-03,119.0
2014-11-04,105.0
2014-11-05,133.0
2014-11-06,129.0
2014-11-07,143.0
2014-11-08,111.0
2014-11-09,123.0
2014-11-10,129.0
2014-11-11,140.0
2014-11-12,131.0
2014-11-13,121.0
2014-11-14,135.0
2014-11-15,123.0
2014-11-16,94.0
2014-11-17,113.0
2014-11-18,143.0
2014-11-19,119.0
2014-11-20,115.0
2014-11-21,140.0
2014-11-22,141.0
2014-11-23,125.0
2014-11-24,157.0
2014-11-25,119.0
2014-11-26,131.0
2014-11-27,90.0
2014-11-28,123.0
2014-11-29,120.0
2014-11-30,117.0
2014-12-01,174.0
2014-12-02,108.0
2014-12-03,127.0
2014-12-04,118.0
2014-12-05,133.0
2014-12-06,98.0
2014-12-07,103.0
2014-12-08,138.0
2014-12-09,111.0
2014-12-10,110.0
2014-12-11,116.0
2014-12-12,142.0
2014-12-13,114.0
2014-12-14,123.0
2014-12-15,127.0
2014-12-16,131.0
2014-12-17,126.0
2014-12-18,122.0
2014-12-19,128.0
2014-12-20,131.0
2014-12-21,102.0
2014-12-22,152.0
2014-12-23,120.0
2014-12-24,123.0
2014-12-25,85.0
2014-12-26,76.0
2014-12-27,111.0
2014-12-28,120.0
2014-12-29,103.0
2014-12-30,113.0
2014-12-31,108.0
2015-01-01,157.0
2015-01-02,109.0
2015-01-03,77.0
2015-01-04,97.0
2015-01-05,119.0
2015-01-06,91.0
2015-01-07,108.0
2015-01-08,86.0
2015-01-09,102.0
2015-01-10,86.0
2015-01-11,91.0
2015-01-12,128.0
2015-01-13,135.0
2015-01-14,127.0
2015-01-15,144.0
2015-01-16,138.0
2015-01-17,127.0
2015-01-18,118.0
2015-01-19,140.0
2015-01-20,124.0
2015-01-21,129.0
2015-01-22,118.0
2015-01-23,139.0
2015-01-24,126.0
2015-01-25,91.0
2015-01-26,115.0
2015-01-27,135.0
2015-01-28,122.0
2015-01-29,118.0
2015-01-30,126.0
2015-01-31,100.0
2015-02-01,111.0
2015-02-02,124.0
2015-02-03,108.0
2015-02-04,99.0
2015-02-05,107.0
2015-02-06,105.0
2015-02-07,97.0
2015-02-08,61.0
2015-02-09,113.0
2015-02-10,105.0
2015-02-11,105.0
2015-02-12,100.0
2015-02-13,130.0
2015-02-14,81.0
2015-02-15,72.0
2015-02-16,70.0
2015-02-17,74.0
2015-02-18,94.0
2015-02-19,78.0
2015-02-20,94.0
2015-02-21,69.0
2015-02-22,79.0
2015-02-23,78.0
2015-02-24,82.0
2015-02-25,117.0
2015-02-26,94.0
2015-02-27,102.0
2015-02-28,101.0
2015-03-01,76.0
2015-03-02,75.0
2015-03-03,102.0
2015-03-04,97.0
2015-03-05,54.0
2015-03-06,91.0
2015-03-07,83.0
2015-03-08,102.0
2015-03-09,94.0
2015-03-10,115.0
2015-03-11,119.0
2015-03-12,138.0
2015-03-13,131.0
2015-03-14,113.0
2015-03-15,100.0
2015-03-16,119.0
2015-03-17,141.0
2015-03-18,113.0
2015-03-19,109.0
2015-03-20,123.0
2015-03-21,116.0
2015-03-22,102.0
2015-03-23,126.0
2015-03-24,113.0
2015-03-25,121.0
2015-03-26,113.0
2015-03-27,143.0
2015-03-28,118.0
2015-03-29,97.0
2015-03-30,113.0
2015-03-31,108.0
2015-04-01,117.0
2015-04-02,134.0
2015-04-03,128.0
2015-04-04,109.0
2015-04-05,88.0
2015-04-06,124.0
2015-04-07,105.0
2015-04-08,102.0
2015-04-09,106.0
2015-04-10,95.0
2015-04-11,112.0
2015-04-12,100.0
2015-04-13,108.0
2015-04-14,109.0
2015-04-15,132.0
2015-04-16,142.0
2015-04-17,122.0
2015-04-18,128.0
2015-04-19,122.0
2015-04-20,126.0
2015-04-21,131.0
2015-04-22,109.0
2015-04-23,134.0
2015-04-24,132.0
2015-04-25,169.0
2015-04-26,97.0
2015-04-27,419.0
2015-04-28,183.0
2015-04-29,106.0
2015-04-30,119.0
2015-05-01,128.0
2015-05-02,91.0
2015-05-03,91.0
2015-05-04,123.0
2015-05-05,157.0
2015-05-06,138.0
2015-05-07,146.0
2015-05-08,127.0
2015-05-09,119.0
2015-05-10,148.0
2015-05-11,156.0
2015-05-12,155.0
2015-05-13,124.0
2015-05-14,132.0
2015-05-15,169.0
2015-05-16,144.0
2015-05-17,104.0
2015-05-18,137.0
2015-05-19,157.0
2015-05-20,176.0
2015-05-21,144.0
2015-05-22,162.0
2015-05-23,137.0
2015-05-24,128.0
2015-05-25,140.0
2015-05-26,177.0
2015-05-27,173.0
2015-05-28,176.0
2015-05-29,179.0
2015-05-30,160.0
2015-05-31,136.0
2015-06-01,151.0
2015-06-02,173.0
2015-06-03,123.0
2015-06-04,140.0
2015-06-05,132.0
2015-06-06,184.0
2015-06-07,171.0
2015-06-08,165.0
2015-06-09,169.0
2015-06-10,143.0
2015-06-11,163.0
2015-06-12,173.0
2015-06-13,151.0
2015-06-14,147.0
2015-06-15,166.0
2015-06-16,139.0
2015-06-17,171.0
2015-06-18,130.0
2015-06-19,157.0
2015-06-20,147.0
2015-06-21,148.0
2015-06-22,176.0
2015-06-23,163.0
2015-06-24,144.0
2015-06-25,159.0
2015-06-26,156.0
2015-06-27,141.0
2015-06-28,157.0
2015-06-29,185.0
2015-06-30,132.0
2015-07-01,140.0
2015-07-02,170.0
2015-07-03,153.0
2015-07-04,143.0
2015-07-05,143.0
2015-07-06,136.0
2015-07-07,172.0
2015-07-08,164.0
2015-07-09,162.0
2015-07-10,149.0
2015-07-11,154.0
2015-07-12,159.0
2015-07-13,167.0
2015-07-14,165.0
2015-07-15,156.0
2015-07-16,144.0
2015-07-17,134.0
2015-07-18,141.0
2015-07-19,152.0
2015-07-20,161.0
2015-07-21,143.0
2015-07-22,151.0
2015-07-23,150.0
2015-07-24,155.0
2015-07-25,164.0
2015-07-26,180.0
2015-07-27,170.0
2015-07-28,167.0
2015-07-29,145.0
2015-07-30,138.0
2015-07-31,148.0
2015-08-01,166.0
2015-08-02,165.0
2015-08-03,151.0
2015-08-04,151.0
2015-08-05,133.0
2015-08-06,140.0
2015-08-07,158.0
2015-08-08,165.0
2015-08-09,150.0
2015-08-10,155.0
2015-08-11,131.0
2015-08-12,124.0
2015-08-13,143.0
2015-08-14,158.0
2015-08-15,150.0
2015-08-16,120.0
2015-08-17,139.0
2015-08-18,158.0
2015-08-19,143.0
2015-08-20,149.0
2015-08-21,151.0
2015-08-22,177.0
2015-08-23,159.0
2015-08-24,161.0
2015-08-25,168.0
2015-08-26,150.0
2015-08-27,158.0
2015-08-28,145.0
2015-08-29,144.0
2015-08-30,134.0
2015-08-31,158.0
2015-09-01,159.0
2015-09-02,134.0
2015-09-03,120.0
2015-09-04,142.0
2015-09-05,150.0
2015-09-06,145.0
2015-09-07,172.0
2015-09-08,139.0
2015-09-09,141.0
2015-09-10,152.0
2015-09-11,163.0
2015-09-12,143.0
2015-09-13,150.0
2015-09-14,139.0
2015-09-15,158.0
2015-09-16,143.0
2015-09-17,164.0
2015-09-18,154.0
2015-09-19,137.0
2015-09-20,161.0
2015-09-21,150.0
2015-09-22,169.0
2015-09-23,159.0
2015-09-24,132.0
2015-09-25,140.0
2015-09-26,130.0
2015-09-27,137.0
2015-09-28,146.0
2015-09-29,134.0
2015-09-30,145.0
2015-10-01,138.0
2015-10-02,140.0
2015-10-03,97.0
2015-10-04,107.0
2015-10-05,156.0
2015-10-06,141.0
2015-10-07,147.0
2015-10-08,132.0
2015-10-09,155.0
2015-10-10,133.0
2015-10-11,127.0
2015-10-12,120.0
2015-10-13,143.0
2015-10-14,143.0
2015-10-15,137.0
2015-10-16,130.0
2015-10-17,121.0
2015-10-18,115.0
2015-10-19,107.0
2015-10-20,158.0
2015-10-21,146.0
2015-10-22,141.0
2015-10-23,162.0
2015-10-24,125.0
2015-10-25,139.0
2015-10-26,135.0
2015-10-27,153.0
2015-10-28,143.0
2015-10-29,134.0
2015-10-30,165.0
2015-10-31,125.0
2015-11-01,145.0
2015-11-02,154.0
2015-11-03,139.0
2015-11-04,129.0
2015-11-05,156.0
2015-11-06,166.0
2015-11-07,123.0
2015-11-08,103.0
2015-11-09,129.0
2015-11-10,136.0
2015-11-11,131.0
2015-11-12,143.0
2015-11-13,116.0
2015-11-14,101.0
2015-11-15,152.0
2015-11-16,133.0
2015-11-17,145.0
2015-11-18,146.0
2015-11-19,161.0
2015-11-20,144.0
2015-11-21,160.0
2015-11-22,132.0
2015-11-23,117.0
2015-11-24,144.0
2015-11-25,122.0
2015-11-26,108.0
2015-11-27,132.0
2015-11-28,159.0
2015-11-29,110.0
2015-11-30,137.0
2015-12-01,126.0
2015-12-02,129.0
2015-12-03,116.0
2015-12-04,125.0
2015-12-05,97.0
2015-12-06,114.0
2015-12-07,118.0
2015-12-08,117.0
2015-12-09,139.0
2015-12-10,157.0
2015-12-11,160.0
2015-12-12,167.0
2015-12-13,126.0
2015-12-14,135.0
2015-12-15,164.0
2015-12-16,143.0
2015-12-17,115.0
2015-12-18,136.0
2015-12-19,126.0
2015-12-20,138.0
2015-12-21,148.0
2015-12-22,147.0
2015-12-23,131.0
2015-12-24,128.0
2015-12-25,109.0
2015-12-26,128.0
2015-12-27,134.0
2015-12-28,132.0
2015-12-29,121.0
2015-12-30,121.0
2015-12-31,97.0
2016-01-01,148.0
2016-01-02,109.0
2016-01-03,109.0
2016-01-04,109.0
2016-01-05,125.0
2016-01-06,119.0
2016-01-07,139.0
2016-01-08,161.0
2016-01-09,132.0
2016-01-10,113.0
2016-01-11,117.0
2016-01-12,144.0
2016-01-13,110.0
2016-01-14,135.0
2016-01-15,125.0
2016-01-16,120.0
2016-01-17,131.0
2016-01-18,103.0
2016-01-19,130.0
2016-01-20,97.0
2016-01-21,103.0
2016-01-22,99.0
2016-01-23,31.0
2016-01-24,45.0
2016-01-25,67.0
2016-01-26,74.0
2016-01-27,91.0
2016-01-28,97.0
2016-01-29,99.0
2016-01-30,96.0
2016-01-31,106.0
2016-02-01,105.0
2016-02-02,104.0
2016-02-03,107.0
2016-02-04,86.0
2016-02-05,103.0
2016-02-06,99.0
2016-02-07,106.0
2016-02-08,124.0
2016-02-09,90.0
2016-02-10,107.0
2016-02-11,76.0
2016-02-12,103.0
2016-02-13,84.0
2016-02-14,74.0
2016-02-15,63.0
2016-02-16,98.0
2016-02-17,112.0
2016-02-18,85.0
2016-02-19,124.0
2016-02-20,90.0
2016-02-21,98.0
2016-02-22,115.0
2016-02-23,101.0
2016-02-24,105.0
2016-02-25,99.0
2016-02-26,117.0
2016-02-27,71.0
2016-02-28,107.0
2016-02-29,120.0
2016-03-01,118.0
2016-03-02,86.0
2016-03-03,100.0
2016-03-04,112.0
2016-03-05,107.0
2016-03-06,105.0
2016-03-07,149.0
2016-03-08,108.0
2016-03-09,104.0
2016-03-10,125.0
2016-03-11,124.0
2016-03-12,135.0
2016-03-13,86.0
2016-03-14,106.0
2016-03-15,121.0
2016-03-16,139.0
2016-03-17,135.0
2016-03-18,123.0
2016-03-19,95.0
2016-03-20,87.0
2016-03-21,128.0
2016-03-22,137.0
2016-03-23,136.0
2016-03-24,134.0
2016-03-25,129.0
2016-03-26,129.0
2016-03-27,110.0
2016-03-28,105.0
2016-03-29,117.0
2016-03-30,131.0
2016-03-31,97.0
2016-04-01,129.0
2016-04-02,132.0
2016-04-03,99.0
2016-04-04,106.0
2016-04-05,107.0
2016-04-06,140.0
2016-04-07,121.0
2016-04-08,127.0
2016-04-09,115.0
2016-04-10,103.0
2016-04-11,143.0
2016-04-12,126.0
2016-04-13,128.0
2016-04-14,135.0
2016-04-15,130.0
2016-04-16,147.0
2016-04-17,111.0
2016-04-18,147.0
2016-04-19,141.0
2016-04-20,151.0
2016-04-21,136.0
2016-04-22,146.0
2016-04-23,120.0
2016-04-24,139.0
2016-04-25,134.0
2016-04-26,158.0
2016-04-27,128.0
2016-04-28,125.0
2016-04-29,127.0
2016-04-30,96.0
2016-05-01,120.0
2016-05-02,143.0
2016-05-03,139.0
2016-05-04,125.0
2016-05-05,129.0
2016-05-06,140.0
2016-05-07,117.0
2016-05-08,119.0
2016-05-09,157.0
2016-05-10,140.0
2016-05-11,130.0
2016-05-12,165.0
2016-05-13,135.0
2016-05-14,119.0
2016-05-15,139.0
2016-05-16,128.0
2016-05-17,142.0
2016-05-18,124.0
2016-05-19,122.0
2016-05-20,147.0
2016-05-21,129.0
2016-05-22,112.0
2016-05-23,123.0
2016-05-24,155.0
2016-05-25,148.0
2016-05-26,156.0
2016-05-27,158.0
2016-05-28,161.0
2016-05-29,106.0
2016-05-30,163.0
2016-05-31,134.0
2016-06-01,129.0
2016-06-02,132.0
2016-06-03,137.0
2016-06-04,156.0
2016-06-05,254.0
2016-06-06,174.0
2016-06-07,130.0
2016-06-08,157.0
2016-06-09,138.0
2016-06-10,166.0
2016-06-11,149.0
2016-06-12,127.0
2016-06-13,171.0
2016-06-14,130.0
2016-06-15,160.0
2016-06-16,126.0
2016-06-17,131.0
2016-06-18,137.0
2016-06-19,143.0
2016-06-20,185.0
2016-06-21,138.0
2016-06-22,150.0
2016-06-23,159.0
2016-06-24,132.0
2016-06-25,152.0
2016-06-26,129.0
2016-06-27,121.0
2016-06-28,135.0
2016-06-29,146.0
2016-06-30,112.0
2016-07-01,143.0
2016-07-02,110.0
2016-07-03,141.0
2016-07-04,109.0
2016-07-05,152.0
2016-07-06,133.0
2016-07-07,139.0
2016-07-08,118.0
2016-07-09,107.0
2016-07-10,131.0
2016-07-11,162.0
2016-07-12,128.0
2016-07-13,132.0
2016-07-14,137.0
2016-07-15,128.0
2016-07-16,126.0
2016-07-17,131.0
2016-07-18,119.0
2016-07-19,140.0
2016-07-20,160.0
2016-07-21,136.0
2016-07-22,134.0
2016-07-23,111.0
2016-07-24,128.0
2016-07-25,150.0
2016-07-26,138.0
2016-07-27,127.0
2016-07-28,131.0
2016-07-29,134.0
2016-07-30,125.0
2016-07-31,127.0
2016-08-01,138.0
2016-08-02,148.0
2016-08-03,128.0
2016-08-04,123.0
2016-08-05,149.0
2016-08-06,118.0
2016-08-07,146.0
2016-08-08,143.0
2016-08-09,128.0
2016-08-10,139.0
2016-08-11,125.0
2016-08-12,138.0
2016-08-13,158.0
2016-08-14,103.0
2016-08-15,136.0
2016-08-16,134.0
2016-08-17,131.0
2016-08-18,142.0
2016-08-19,144.0
2016-08-20,138.0
2016-08-21,119.0
2016-08-22,148.0
2016-08-23,134.0
2016-08-24,133.0
2016-08-25,129.0
2016-08-26,143.0
2016-08-27,144.0
2016-08-28,156.0
2016-08-29,136.0
2016-08-30,140.0
2016-08-31,134.0
2016-09-01,163.0
2016-09-02,130.0
2016-09-03,131.0
2016-09-04,137.0
2016-09-05,136.0
2016-09-06,145.0
2016-09-07,154.0
2016-09-08,126.0
2016-09-09,145.0
2016-09-10,142.0
2016-09-11,178.0
2016-09-12,155.0
2016-09-13,147.0
2016-09-14,133.0
2016-09-15,153.0
2016-09-16,150.0
2016-09-17,147.0
2016-09-18,144.0
2016-09-19,130.0
2016-09-20,146.0
2016-09-21,142.0
2016-09-22,182.0
2016-09-23,163.0
2016-09-24,192.0
2016-09-25,154.0
2016-09-26,127.0
2016-09-27,152.0
2016-09-28,141.0
2016-09-29,123.0
2016-09-30,162.0
2016-10-01,131.0
2016-10-02,148.0
2016-10-03,125.0
2016-10-04,145.0
2016-10-05,157.0
2016-10-06,117.0
2016-10-07,175.0
2016-10-08,138.0
2016-10-09,149.0
2016-10-10,156.0
2016-10-11,149.0
2016-10-12,140.0
2016-10-13,143.0
2016-10-14,161.0
2016-10-15,150.0
2016-10-16,134.0
2016-10-17,185.0
2016-10-18,149.0
2016-10-19,188.0
2016-10-20,168.0
2016-10-21,152.0
2016-10-22,127.0
2016-10-23,144.0
2016-10-24,162.0
2016-10-25,167.0
2016-10-26,147.0
2016-10-27,155.0
2016-10-28,154.0
2016-10-29,127.0
2016-10-30,160.0
2016-10-31,167.0
2016-11-01,164.0
2016-11-02,149.0
2016-11-03,134.0
2016-11-04,150.0
2016-11-05,123.0
2016-11-06,141.0
2016-11-07,132.0
2016-11-08,111.0
2016-11-09,127.0
2016-11-10,109.0
2016-11-11,115.0
2016-11-12,69.0
